trade_date,symbol,event
2023-11-09,CSCO,newly_flagged
2023-11-10,COST,newly_flagged
2023-11-14,BAC,newly_flagged
2023-11-16,COST,newly_flagged
2023-11-16,CSCO,newly_flagged
2023-11-16,WMT,newly_flagged
2023-11-17,XOM,newly_flagged
2023-11-29,GOOGL,newly_flagged
2023-11-29,META,newly_flagged
2023-11-30,ABBV,newly_flagged
2023-11-30,JNJ,newly_flagged
2023-11-30,NVDA,newly_flagged
2023-11-30,UNH,newly_flagged
2023-12-06,JPM,newly_flagged
2023-12-07,AMD,newly_flagged
2023-12-07,GOOGL,newly_flagged
2023-12-07,META,newly_flagged
2023-12-12,V,newly_flagged
2023-12-13,BAC,newly_flagged
2023-12-14,COST,newly_flagged
2023-12-14,JPM,newly_flagged
2023-12-14,MSFT,newly_flagged
2023-12-14,TSLA,newly_flagged
2023-12-14,UNH,newly_flagged
2023-12-14,V,newly_flagged
2023-12-14,XOM,newly_flagged
2023-12-18,AMZN,newly_flagged
2023-12-20,ABBV,newly_flagged
2023-12-20,COST,newly_flagged
2023-12-20,GE,newly_flagged
2023-12-20,JNJ,newly_flagged
2023-12-20,JPM,newly_flagged
2023-12-20,TSLA,newly_flagged
2023-12-20,V,newly_flagged
2023-12-26,INTC,newly_flagged
2024-01-02,AAPL,newly_flagged
2024-01-02,ABBV,newly_flagged
2024-01-02,AMD,newly_flagged
2024-01-02,INTC,newly_flagged
2024-01-02,JNJ,newly_flagged
2024-01-02,UNH,newly_flagged
2024-01-02,XOM,newly_flagged
2024-01-03,TSLA,newly_flagged
2024-01-04,AMZN,newly_flagged
2024-01-08,AAPL,newly_flagged
2024-01-08,AMZN,newly_flagged
2024-01-08,MSFT,newly_flagged
2024-01-08,NVDA,newly_flagged
2024-01-09,CSCO,newly_flagged
2024-01-10,META,newly_flagged
2024-01-10,MSFT,newly_flagged
2024-01-12,UNH,newly_flagged
2024-01-16,AMD,newly_flagged
2024-01-18,AAPL,newly_flagged
2024-01-19,AMD,newly_flagged
2024-01-19,JPM,newly_flagged
2024-01-23,JNJ,newly_flagged
2024-01-24,ABBV,newly_flagged
2024-01-24,WMT,newly_flagged
2024-01-25,CSCO,newly_flagged
2024-01-25,TSLA,newly_flagged
2024-01-25,UNH,newly_flagged
2024-01-25,XOM,newly_flagged
2024-01-26,INTC,newly_flagged
2024-01-26,V,newly_flagged
2024-01-29,TSLA,newly_flagged
2024-01-30,BAC,newly_flagged
2024-01-30,GE,newly_flagged
2024-01-30,JPM,newly_flagged
2024-01-31,AMZN,newly_flagged
2024-01-31,CSCO,newly_flagged
2024-01-31,GOOGL,newly_flagged
2024-01-31,META,newly_flagged
2024-01-31,MSFT,newly_flagged
2024-01-31,V,newly_flagged
2024-02-01,ABBV,newly_flagged
2024-02-01,WMT,newly_flagged
2024-02-02,AMZN,newly_flagged
2024-02-02,META,newly_flagged
2024-02-06,JNJ,newly_flagged
2024-02-13,MSFT,newly_flagged
2024-02-14,GE,newly_flagged
2024-02-15,JNJ,newly_flagged
2024-02-15,JPM,newly_flagged
2024-02-15,TSLA,newly_flagged
2024-02-15,XOM,newly_flagged
2024-02-20,NVDA,newly_flagged
2024-02-20,WMT,newly_flagged
2024-02-22,AMD,newly_flagged
2024-02-22,NVDA,newly_flagged
2024-02-22,V,newly_flagged
2024-02-26,GOOGL,newly_flagged
2024-02-27,UNH,newly_flagged
2024-02-29,AMD,newly_flagged
2024-02-29,WMT,newly_flagged
2024-03-04,AAPL,newly_flagged
2024-03-04,INTC,newly_flagged
2024-03-04,JNJ,newly_flagged
2024-03-04,TSLA,newly_flagged
2024-03-05,GE,newly_flagged
2024-03-05,MSFT,newly_flagged
2024-03-06,COST,newly_flagged
2024-03-07,GE,newly_flagged
2024-03-08,COST,newly_flagged
2024-03-08,INTC,newly_flagged
2024-03-11,META,newly_flagged
2024-03-11,UNH,newly_flagged
2024-03-12,MSFT,newly_flagged
2024-03-14,GE,newly_flagged
2024-03-14,JPM,newly_flagged
2024-03-15,ABBV,newly_flagged
2024-03-18,GOOGL,newly_flagged
2024-03-18,TSLA,newly_flagged
2024-03-20,ABBV,newly_flagged
2024-03-21,AAPL,newly_flagged
2024-03-22,JPM,newly_flagged
2024-03-22,V,newly_flagged
2024-03-27,GE,newly_flagged
2024-03-27,JNJ,newly_flagged
2024-04-02,UNH,newly_flagged
2024-04-02,WMT,newly_flagged
2024-04-03,ABBV,newly_flagged
2024-04-03,GE,newly_flagged
2024-04-03,INTC,newly_flagged
2024-04-03,JNJ,newly_flagged
2024-04-04,AMD,newly_flagged
2024-04-04,GOOGL,newly_flagged
2024-04-05,AMZN,newly_flagged
2024-04-05,GE,newly_flagged
2024-04-09,CSCO,newly_flagged
2024-04-10,BAC,newly_flagged
2024-04-10,WMT,newly_flagged
2024-04-11,AAPL,newly_flagged
2024-04-11,NVDA,newly_flagged
2024-04-12,JPM,newly_flagged
2024-04-12,XOM,newly_flagged
2024-04-15,COST,newly_flagged
2024-04-15,TSLA,newly_flagged
2024-04-16,BAC,newly_flagged
2024-04-16,JNJ,newly_flagged
2024-04-16,UNH,newly_flagged
2024-04-19,AMZN,newly_flagged
2024-04-19,BAC,newly_flagged
2024-04-19,JNJ,newly_flagged
2024-04-19,META,newly_flagged
2024-04-19,NVDA,newly_flagged
2024-04-23,GE,newly_flagged
2024-04-23,MSFT,newly_flagged
2024-04-23,WMT,newly_flagged
2024-04-24,TSLA,newly_flagged
2024-04-25,META,newly_flagged
2024-04-25,MSFT,newly_flagged
2024-04-26,ABBV,newly_flagged
2024-04-26,AMZN,newly_flagged
2024-04-26,GOOGL,newly_flagged
2024-04-26,INTC,newly_flagged
2024-04-26,XOM,newly_flagged
2024-04-29,TSLA,newly_flagged
2024-04-30,AMZN,newly_flagged
2024-04-30,MSFT,newly_flagged
2024-05-01,AMD,newly_flagged
2024-05-01,JNJ,newly_flagged
2024-05-03,AAPL,newly_flagged
2024-05-06,V,newly_flagged
2024-05-08,CSCO,newly_flagged
2024-05-09,XOM,newly_flagged
2024-05-16,CSCO,newly_flagged
2024-05-16,WMT,newly_flagged
2024-05-20,CSCO,newly_flagged
2024-05-20,JPM,newly_flagged
2024-05-21,BAC,newly_flagged
2024-05-23,JNJ,newly_flagged
2024-05-23,NVDA,newly_flagged
2024-05-24,UNH,newly_flagged
2024-05-28,NVDA,newly_flagged
2024-05-29,GE,newly_flagged
2024-05-29,UNH,newly_flagged
2024-05-30,GOOGL,newly_flagged
2024-05-30,MSFT,newly_flagged
2024-05-31,ABBV,newly_flagged
2024-05-31,BAC,newly_flagged
2024-05-31,UNH,newly_flagged
2024-05-31,XOM,newly_flagged
2024-06-05,CSCO,newly_flagged
2024-06-05,META,newly_flagged
2024-06-06,AMZN,newly_flagged
2024-06-10,AAPL,newly_flagged
2024-06-10,AMD,newly_flagged
2024-06-13,GE,newly_flagged
2024-06-17,GE,newly_flagged
2024-06-20,AMD,newly_flagged
2024-06-20,XOM,newly_flagged
2024-06-21,COST,newly_flagged
2024-06-24,NVDA,newly_flagged
2024-06-24,XOM,newly_flagged
2024-06-25,GOOGL,newly_flagged
2024-06-25,WMT,newly_flagged
2024-06-26,AMZN,newly_flagged
2024-06-26,TSLA,newly_flagged
2024-06-27,V,newly_flagged
2024-06-28,META,newly_flagged
2024-06-28,UNH,newly_flagged
2024-07-01,MSFT,newly_flagged
2024-07-01,TSLA,newly_flagged
2024-07-02,ABBV,newly_flagged
2024-07-02,AMD,newly_flagged
2024-07-02,BAC,newly_flagged
2024-07-02,V,newly_flagged
2024-07-05,AMD,newly_flagged
2024-07-05,COST,newly_flagged
2024-07-05,INTC,newly_flagged
2024-07-05,META,newly_flagged
2024-07-05,WMT,newly_flagged
2024-07-08,CSCO,newly_flagged
2024-07-09,MSFT,newly_flagged
2024-07-10,JNJ,newly_flagged
2024-07-11,COST,newly_flagged
2024-07-11,GOOGL,newly_flagged
2024-07-11,INTC,newly_flagged
2024-07-11,META,newly_flagged
2024-07-11,MSFT,newly_flagged
2024-07-11,TSLA,newly_flagged
2024-07-15,JPM,newly_flagged
2024-07-16,BAC,newly_flagged
2024-07-16,UNH,newly_flagged
2024-07-17,AAPL,newly_flagged
2024-07-17,ABBV,newly_flagged
2024-07-17,AMD,newly_flagged
2024-07-17,CSCO,newly_flagged
2024-07-17,GE,newly_flagged
2024-07-17,JNJ,newly_flagged
2024-07-17,META,newly_flagged
2024-07-18,JPM,newly_flagged
2024-07-19,INTC,newly_flagged
2024-07-19,XOM,newly_flagged
2024-07-23,GE,newly_flagged
2024-07-24,AAPL,newly_flagged
2024-07-24,GOOGL,newly_flagged
2024-07-24,JNJ,newly_flagged
2024-07-24,META,newly_flagged
2024-07-24,MSFT,newly_flagged
2024-07-24,NVDA,newly_flagged
2024-07-24,TSLA,newly_flagged
2024-07-24,V,newly_flagged
2024-07-25,ABBV,newly_flagged
2024-07-31,AMZN,newly_flagged
2024-07-31,NVDA,newly_flagged
2024-08-01,AMD,newly_flagged
2024-08-01,CSCO,newly_flagged
2024-08-01,INTC,newly_flagged
2024-08-02,AMZN,newly_flagged
2024-08-02,BAC,newly_flagged
2024-08-02,GE,newly_flagged
2024-08-02,JPM,newly_flagged
2024-08-02,WMT,newly_flagged
2024-08-05,AAPL,newly_flagged
2024-08-05,ABBV,newly_flagged
2024-08-05,CSCO,newly_flagged
2024-08-05,GOOGL,newly_flagged
2024-08-05,UNH,newly_flagged
2024-08-05,V,newly_flagged
2024-08-08,AMD,newly_flagged
2024-08-08,COST,newly_flagged
2024-08-15,CSCO,newly_flagged
2024-08-15,WMT,newly_flagged
2024-08-20,XOM,newly_flagged
2024-08-28,COST,newly_flagged
2024-09-03,AAPL,newly_flagged
2024-09-03,AMD,newly_flagged
2024-09-03,GE,newly_flagged
2024-09-03,GOOGL,newly_flagged
2024-09-03,INTC,newly_flagged
2024-09-03,JPM,newly_flagged
2024-09-03,NVDA,newly_flagged
2024-09-05,ABBV,newly_flagged
2024-09-05,JNJ,newly_flagged
2024-09-05,UNH,newly_flagged
2024-09-06,AMZN,newly_flagged
2024-09-06,BAC,newly_flagged
2024-09-06,GOOGL,newly_flagged
2024-09-06,JPM,newly_flagged
2024-09-06,META,newly_flagged
2024-09-06,TSLA,newly_flagged
2024-09-09,ABBV,newly_flagged
2024-09-09,V,newly_flagged
2024-09-10,JPM,newly_flagged
2024-09-10,MSFT,newly_flagged
2024-09-10,XOM,newly_flagged
2024-09-11,ABBV,newly_flagged
2024-09-11,JNJ,newly_flagged
2024-09-11,NVDA,newly_flagged
2024-09-11,UNH,newly_flagged
2024-09-12,META,newly_flagged
2024-09-13,GE,newly_flagged
2024-09-16,AAPL,newly_flagged
2024-09-16,CSCO,newly_flagged
2024-09-17,UNH,newly_flagged
2024-09-17,WMT,newly_flagged
2024-09-18,V,newly_flagged
2024-09-19,AAPL,newly_flagged
2024-09-19,BAC,newly_flagged
2024-09-19,META,newly_flagged
2024-09-19,TSLA,newly_flagged
2024-09-24,V,newly_flagged
2024-09-26,WMT,newly_flagged
2024-10-01,AAPL,newly_flagged
2024-10-01,MSFT,newly_flagged
2024-10-04,JPM,newly_flagged
2024-10-07,AMZN,newly_flagged
2024-10-07,GOOGL,newly_flagged
2024-10-07,META,newly_flagged
2024-10-07,WMT,newly_flagged
2024-10-08,COST,newly_flagged
2024-10-09,UNH,newly_flagged
2024-10-10,AMD,newly_flagged
2024-10-11,BAC,newly_flagged
2024-10-11,JPM,newly_flagged
2024-10-11,TSLA,newly_flagged
2024-10-15,AMD,newly_flagged
2024-10-15,JNJ,newly_flagged
2024-10-15,NVDA,newly_flagged
2024-10-15,UNH,newly_flagged
2024-10-15,XOM,newly_flagged
2024-10-16,CSCO,newly_flagged
2024-10-16,V,newly_flagged
2024-10-21,JNJ,newly_flagged
2024-10-22,GE,newly_flagged
2024-10-22,MSFT,newly_flagged
2024-10-23,AMZN,newly_flagged
2024-10-23,JNJ,newly_flagged
2024-10-23,META,newly_flagged
2024-10-24,TSLA,newly_flagged
2024-10-30,ABBV,newly_flagged
2024-10-30,AMD,newly_flagged
2024-10-30,GOOGL,newly_flagged
2024-10-30,V,newly_flagged
2024-10-31,AMZN,newly_flagged
2024-10-31,META,newly_flagged
2024-10-31,MSFT,newly_flagged
2024-10-31,NVDA,newly_flagged
2024-11-01,INTC,newly_flagged
2024-11-04,XOM,newly_flagged
2024-11-06,BAC,newly_flagged
2024-11-06,CSCO,newly_flagged
2024-11-06,GOOGL,newly_flagged
2024-11-06,INTC,newly_flagged
2024-11-06,JPM,newly_flagged
2024-11-06,TSLA,newly_flagged
2024-11-06,UNH,newly_flagged
2024-11-06,V,newly_flagged
2024-11-07,AAPL,newly_flagged
2024-11-07,COST,newly_flagged
2024-11-07,META,newly_flagged
2024-11-11,ABBV,newly_flagged
2024-11-14,CSCO,newly_flagged
2024-11-15,AMZN,newly_flagged
2024-11-15,JNJ,newly_flagged
2024-11-15,META,newly_flagged
2024-11-19,NVDA,newly_flagged
2024-11-19,WMT,newly_flagged
2024-11-20,UNH,newly_flagged
2024-11-21,COST,newly_flagged
2024-11-21,GOOGL,newly_flagged
2024-11-21,JNJ,newly_flagged
2024-12-02,AMD,newly_flagged
2024-12-02,META,newly_flagged
2024-12-03,INTC,newly_flagged
2024-12-04,XOM,newly_flagged
2024-12-05,GE,newly_flagged
2024-12-05,UNH,newly_flagged
2024-12-09,AMD,newly_flagged
2024-12-09,BAC,newly_flagged
2024-12-09,CSCO,newly_flagged
2024-12-09,WMT,newly_flagged
2024-12-10,GOOGL,newly_flagged
2024-12-11,UNH,newly_flagged
2024-12-16,JNJ,newly_flagged
2024-12-18,AAPL,newly_flagged
2024-12-18,AMZN,newly_flagged
2024-12-18,BAC,newly_flagged
2024-12-18,COST,newly_flagged
2024-12-18,CSCO,newly_flagged
2024-12-18,JPM,newly_flagged
2024-12-18,META,newly_flagged
2024-12-18,MSFT,newly_flagged
2024-12-18,TSLA,newly_flagged
2024-12-18,V,newly_flagged
2024-12-18,WMT,newly_flagged
2024-12-23,AMD,newly_flagged
2024-12-24,WMT,newly_flagged
2024-12-27,AAPL,newly_flagged
2024-12-31,XOM,newly_flagged
2025-01-02,AAPL,newly_flagged
2025-01-03,AMD,newly_flagged
2025-01-03,NVDA,newly_flagged
2025-01-06,META,newly_flagged
2025-01-07,JNJ,newly_flagged
2025-01-07,NVDA,newly_flagged
2025-01-10,AAPL,newly_flagged
2025-01-10,BAC,newly_flagged
2025-01-13,XOM,newly_flagged
2025-01-15,BAC,newly_flagged
2025-01-15,META,newly_flagged
2025-01-15,MSFT,newly_flagged
2025-01-15,V,newly_flagged
2025-01-16,AAPL,newly_flagged
2025-01-16,UNH,newly_flagged
2025-01-17,COST,newly_flagged
2025-01-17,INTC,newly_flagged
2025-01-22,MSFT,newly_flagged
2025-01-22,XOM,newly_flagged
2025-01-23,GE,newly_flagged
2025-01-27,AAPL,newly_flagged
2025-01-27,ABBV,newly_flagged
2025-01-27,AMD,newly_flagged
2025-01-27,COST,newly_flagged
2025-01-27,CSCO,newly_flagged
2025-01-27,GOOGL,newly_flagged
2025-01-27,JNJ,newly_flagged
2025-01-27,NVDA,newly_flagged
2025-01-27,WMT,newly_flagged
2025-01-30,MSFT,newly_flagged
2025-01-30,V,newly_flagged
2025-01-31,ABBV,newly_flagged
2025-01-31,XOM,newly_flagged
2025-02-03,COST,newly_flagged
2025-02-04,XOM,newly_flagged
2025-02-05,AMD,newly_flagged
2025-02-05,AMZN,newly_flagged
2025-02-05,GOOGL,newly_flagged
2025-02-06,JPM,newly_flagged
2025-02-07,AMZN,newly_flagged
2025-02-07,WMT,newly_flagged
2025-02-10,JPM,newly_flagged
2025-02-11,INTC,newly_flagged
2025-02-12,XOM,newly_flagged
2025-02-18,INTC,newly_flagged
2025-02-18,META,newly_flagged
2025-02-18,UNH,newly_flagged
2025-02-20,COST,newly_flagged
2025-02-20,JPM,newly_flagged
2025-02-20,V,newly_flagged
2025-02-20,WMT,newly_flagged
2025-02-21,GE,newly_flagged
2025-02-21,UNH,newly_flagged
2025-02-24,META,newly_flagged
2025-02-25,TSLA,newly_flagged
2025-02-25,WMT,newly_flagged
2025-02-26,COST,newly_flagged
2025-02-26,JNJ,newly_flagged
2025-02-27,NVDA,newly_flagged
2025-02-28,BAC,newly_flagged
2025-03-03,MSFT,newly_flagged
2025-03-03,NVDA,newly_flagged
2025-03-03,XOM,newly_flagged
2025-03-04,ABBV,newly_flagged
2025-03-04,BAC,newly_flagged
2025-03-04,JPM,newly_flagged
2025-03-04,V,newly_flagged
2025-03-05,MSFT,newly_flagged
2025-03-06,GE,newly_flagged
2025-03-06,META,newly_flagged
2025-03-06,V,newly_flagged
2025-03-07,COST,newly_flagged
2025-03-10,AAPL,newly_flagged
2025-03-10,CSCO,newly_flagged
2025-03-10,GOOGL,newly_flagged
2025-03-10,JPM,newly_flagged
2025-03-10,META,newly_flagged
2025-03-10,MSFT,newly_flagged
2025-03-10,TSLA,newly_flagged
2025-03-11,ABBV,newly_flagged
2025-03-11,V,newly_flagged
2025-03-12,AMD,newly_flagged
2025-03-12,JNJ,newly_flagged
2025-03-13,INTC,newly_flagged
2025-03-14,JPM,newly_flagged
2025-03-14,MSFT,newly_flagged
2025-03-24,AMD,newly_flagged
2025-03-24,AMZN,newly_flagged
2025-03-24,TSLA,newly_flagged
2025-03-25,ABBV,newly_flagged
2025-03-28,AMZN,newly_flagged
2025-03-28,GOOGL,newly_flagged
2025-03-31,WMT,newly_flagged
2025-04-01,JNJ,newly_flagged
2025-04-03,AAPL,newly_flagged
2025-04-03,AMD,newly_flagged
2025-04-03,AMZN,newly_flagged
2025-04-03,BAC,newly_flagged
2025-04-03,CSCO,newly_flagged
2025-04-03,GE,newly_flagged
2025-04-03,JPM,newly_flagged
2025-04-03,META,newly_flagged
2025-04-03,NVDA,newly_flagged
2025-04-03,UNH,newly_flagged
2025-04-03,XOM,newly_flagged
2025-04-04,ABBV,newly_flagged
2025-04-04,COST,newly_flagged
2025-04-04,INTC,newly_flagged
2025-04-04,MSFT,newly_flagged
2025-04-04,V,newly_flagged
2025-04-04,WMT,newly_flagged
2025-04-08,ABBV,newly_flagged
2025-04-08,UNH,newly_flagged
2025-04-09,AAPL,newly_flagged
2025-04-09,AMD,newly_flagged
2025-04-09,AMZN,newly_flagged
2025-04-09,COST,newly_flagged
2025-04-09,CSCO,newly_flagged
2025-04-09,GE,newly_flagged
2025-04-09,GOOGL,newly_flagged
2025-04-09,INTC,newly_flagged
2025-04-09,JPM,newly_flagged
2025-04-09,META,newly_flagged
2025-04-09,MSFT,newly_flagged
2025-04-09,NVDA,newly_flagged
2025-04-09,TSLA,newly_flagged
2025-04-09,V,newly_flagged
2025-04-09,WMT,newly_flagged
2025-04-09,XOM,newly_flagged
2025-04-17,UNH,newly_flagged
2025-04-21,COST,newly_flagged
2025-05-01,MSFT,newly_flagged
2025-05-06,ABBV,newly_flagged
2025-05-07,GOOGL,newly_flagged
2025-05-12,AAPL,newly_flagged
2025-05-12,AMZN,newly_flagged
2025-05-12,BAC,newly_flagged
2025-05-12,CSCO,newly_flagged
2025-05-12,META,newly_flagged
2025-05-13,JNJ,newly_flagged
2025-05-13,UNH,newly_flagged
2025-05-14,ABBV,newly_flagged
2025-05-15,CSCO,newly_flagged
2025-05-19,UNH,newly_flagged
2025-05-21,BAC,newly_flagged
2025-05-21,GE,newly_flagged
2025-05-21,JPM,newly_flagged
2025-05-21,V,newly_flagged
2025-05-27,GE,newly_flagged
2025-05-27,TSLA,newly_flagged
2025-05-30,COST,newly_flagged
2025-06-05,COST,newly_flagged
2025-06-05,TSLA,newly_flagged
2025-06-06,XOM,newly_flagged
2025-06-09,GE,newly_flagged
2025-06-10,INTC,newly_flagged
2025-06-13,V,newly_flagged
2025-06-16,AMD,newly_flagged
2025-06-16,CSCO,newly_flagged
2025-06-16,JNJ,newly_flagged
2025-06-16,JPM,newly_flagged
2025-06-17,ABBV,newly_flagged
2025-06-18,V,newly_flagged
2025-06-20,GOOGL,newly_flagged
2025-06-23,GE,newly_flagged
2025-06-23,WMT,newly_flagged
2025-06-23,XOM,newly_flagged
2025-06-24,AMD,newly_flagged
2025-06-24,INTC,newly_flagged
2025-06-25,NVDA,newly_flagged
2025-06-27,ABBV,newly_flagged
2025-07-01,ABBV,newly_flagged
2025-07-01,GE,newly_flagged
2025-07-01,JNJ,newly_flagged
2025-07-01,MSFT,newly_flagged
2025-07-01,NVDA,newly_flagged
2025-07-01,UNH,newly_flagged
2025-07-07,JPM,newly_flagged
2025-07-08,BAC,newly_flagged
2025-07-08,WMT,newly_flagged
2025-07-15,NVDA,newly_flagged
2025-07-16,JNJ,newly_flagged
2025-07-18,XOM,newly_flagged
2025-07-22,NVDA,newly_flagged
2025-07-24,TSLA,newly_flagged
2025-07-24,UNH,newly_flagged
2025-07-25,INTC,newly_flagged
2025-07-29,META,newly_flagged
2025-07-29,UNH,newly_flagged
2025-07-31,COST,newly_flagged
2025-07-31,GOOGL,newly_flagged
2025-07-31,META,newly_flagged
2025-07-31,MSFT,newly_flagged
2025-08-01,AAPL,newly_flagged
2025-08-01,ABBV,newly_flagged
2025-08-01,AMZN,newly_flagged
2025-08-01,BAC,newly_flagged
2025-08-01,JPM,newly_flagged
2025-08-01,NVDA,newly_flagged
2025-08-04,CSCO,newly_flagged
2025-08-04,GOOGL,newly_flagged
2025-08-06,AAPL,newly_flagged
2025-08-06,AMD,newly_flagged
2025-08-06,COST,newly_flagged
2025-08-06,CSCO,newly_flagged
2025-08-06,WMT,newly_flagged
2025-08-07,V,newly_flagged
2025-08-08,BAC,newly_flagged
2025-08-08,CSCO,newly_flagged
2025-08-12,BAC,newly_flagged
2025-08-12,INTC,newly_flagged
2025-08-13,GE,newly_flagged
2025-08-13,WMT,newly_flagged
2025-08-14,INTC,newly_flagged
2025-08-15,CSCO,newly_flagged
2025-08-15,UNH,newly_flagged
2025-08-19,AMD,newly_flagged
2025-08-19,NVDA,newly_flagged
2025-08-21,COST,newly_flagged
2025-08-21,WMT,newly_flagged
2025-08-22,GOOGL,newly_flagged
2025-08-22,TSLA,newly_flagged
2025-08-26,GE,newly_flagged
2025-08-29,NVDA,newly_flagged
2025-09-03,GOOGL,newly_flagged
2025-09-03,XOM,newly_flagged
2025-09-04,AMZN,newly_flagged
2025-09-05,AMD,newly_flagged
2025-09-05,JPM,newly_flagged
2025-09-05,MSFT,newly_flagged
2025-09-05,V,newly_flagged
2025-09-05,XOM,newly_flagged
2025-09-08,ABBV,newly_flagged
2025-09-09,UNH,newly_flagged
2025-09-10,AAPL,newly_flagged
2025-09-10,AMZN,newly_flagged
2025-09-10,COST,newly_flagged
2025-09-10,NVDA,newly_flagged
2025-09-10,V,newly_flagged
2025-09-11,ABBV,newly_flagged
2025-09-11,JNJ,newly_flagged
2025-09-11,TSLA,newly_flagged
2025-09-12,MSFT,newly_flagged
2025-09-18,INTC,newly_flagged
2025-09-18,JNJ,newly_flagged
2025-09-18,NVDA,newly_flagged
2025-09-18,V,newly_flagged
2025-09-19,AAPL,newly_flagged
2025-09-19,MSFT,newly_flagged
2025-09-22,NVDA,newly_flagged
2025-09-26,COST,newly_flagged
2025-09-29,XOM,newly_flagged
2025-09-30,ABBV,newly_flagged
2025-09-30,BAC,newly_flagged
2025-09-30,JNJ,newly_flagged
2025-10-01,META,newly_flagged
2025-10-02,TSLA,newly_flagged
2025-10-06,AMD,newly_flagged
2025-10-06,MSFT,newly_flagged
2025-10-09,COST,newly_flagged
2025-10-10,AAPL,newly_flagged
2025-10-10,AMZN,newly_flagged
2025-10-10,BAC,newly_flagged
2025-10-10,CSCO,newly_flagged
2025-10-10,GE,newly_flagged
2025-10-10,JPM,newly_flagged
2025-10-10,META,newly_flagged
2025-10-10,MSFT,newly_flagged
2025-10-10,NVDA,newly_flagged
2025-10-10,UNH,newly_flagged
2025-10-13,GOOGL,newly_flagged
2025-10-14,BAC,newly_flagged
2025-10-14,NVDA,newly_flagged
2025-10-14,WMT,newly_flagged
2025-10-16,COST,newly_flagged
2025-10-16,JPM,newly_flagged
2025-10-16,V,newly_flagged
2025-10-20,AAPL,newly_flagged
2025-10-21,JNJ,newly_flagged
2025-10-22,GE,newly_flagged
2025-10-24,JNJ,newly_flagged
2025-10-27,GOOGL,newly_flagged
2025-10-28,JNJ,newly_flagged
2025-10-28,MSFT,newly_flagged
2025-10-28,NVDA,newly_flagged
2025-10-29,UNH,newly_flagged
2025-10-30,AMZN,newly_flagged
2025-10-30,META,newly_flagged
2025-10-30,MSFT,newly_flagged
2025-10-31,ABBV,newly_flagged
2025-11-03,JNJ,newly_flagged
2025-11-04,CSCO,newly_flagged
2025-11-04,INTC,newly_flagged
2025-11-06,AMD,newly_flagged
2025-11-07,XOM,newly_flagged
2025-11-10,NVDA,newly_flagged
2025-11-11,ABBV,newly_flagged
2025-11-11,JNJ,newly_flagged
2025-11-12,AMD,newly_flagged
2025-11-12,CSCO,newly_flagged
2025-11-12,UNH,newly_flagged
2025-11-13,JPM,newly_flagged
2025-11-13,TSLA,newly_flagged
2025-11-17,BAC,newly_flagged
2025-11-18,MSFT,newly_flagged
2025-11-20,CSCO,newly_flagged
2025-11-20,GE,newly_flagged
2025-11-20,WMT,newly_flagged
2025-11-24,GOOGL,newly_flagged
2025-11-24,TSLA,newly_flagged
2025-11-28,INTC,newly_flagged
2025-12-01,GE,newly_flagged
2025-12-02,INTC,newly_flagged
2025-12-03,UNH,newly_flagged
2025-12-04,COST,newly_flagged
2025-12-04,INTC,newly_flagged
2025-12-04,JNJ,newly_flagged
2025-12-09,JPM,newly_flagged
2025-12-10,JNJ,newly_flagged
2025-12-11,V,newly_flagged
2025-12-12,GE,newly_flagged
2025-12-15,COST,newly_flagged
2025-12-16,JNJ,newly_flagged
2025-12-16,XOM,newly_flagged
2025-12-17,TSLA,newly_flagged
2025-12-19,AMD,newly_flagged
2025-12-19,NVDA,newly_flagged
2025-12-29,BAC,newly_flagged
2026-01-02,GE,newly_flagged
2026-01-02,INTC,newly_flagged
2026-01-05,ABBV,newly_flagged
2026-01-05,AMZN,newly_flagged
2026-01-05,COST,newly_flagged
2026-01-06,AAPL,newly_flagged
2026-01-06,XOM,newly_flagged
2026-01-07,ABBV,newly_flagged
2026-01-07,BAC,newly_flagged
2026-01-07,INTC,newly_flagged
2026-01-08,COST,newly_flagged
2026-01-08,XOM,newly_flagged
2026-01-09,INTC,newly_flagged
2026-01-12,JNJ,newly_flagged
2026-01-12,WMT,newly_flagged
2026-01-13,AMD,newly_flagged
2026-01-13,CSCO,newly_flagged
2026-01-13,JPM,newly_flagged
2026-01-13,V,newly_flagged
2026-01-14,BAC,newly_flagged
2026-01-14,MSFT,newly_flagged
2026-01-20,AAPL,newly_flagged
2026-01-20,AMZN,newly_flagged
2026-01-20,CSCO,newly_flagged
2026-01-20,GE,newly_flagged
2026-01-20,GOOGL,newly_flagged
2026-01-20,JPM,newly_flagged
2026-01-20,NVDA,newly_flagged
2026-01-21,AMD,newly_flagged
2026-01-21,INTC,newly_flagged
2026-01-21,MSFT,newly_flagged
2026-01-22,GE,newly_flagged
2026-01-22,META,newly_flagged
2026-01-22,TSLA,newly_flagged
2026-01-23,INTC,newly_flagged
2026-01-23,MSFT,newly_flagged
2026-01-26,AAPL,newly_flagged
2026-01-26,CSCO,newly_flagged
2026-01-27,UNH,newly_flagged
2026-01-29,META,newly_flagged
2026-01-29,MSFT,newly_flagged
2026-01-30,AMD,newly_flagged
2026-02-02,AAPL,newly_flagged
2026-02-02,CSCO,newly_flagged
2026-02-02,V,newly_flagged
2026-02-02,WMT,newly_flagged
2026-02-04,ABBV,newly_flagged
2026-02-04,AMD,newly_flagged
2026-02-05,AMZN,newly_flagged
2026-02-06,BAC,newly_flagged
2026-02-06,GE,newly_flagged
2026-02-06,GOOGL,newly_flagged
2026-02-06,JPM,newly_flagged
2026-02-06,NVDA,newly_flagged
2026-02-10,COST,newly_flagged
2026-02-12,AAPL,newly_flagged
2026-02-12,ABBV,newly_flagged
2026-02-12,CSCO,newly_flagged
2026-02-12,WMT,newly_flagged
2026-02-12,XOM,newly_flagged
2026-02-13,V,newly_flagged
2026-02-17,WMT,newly_flagged
2026-02-20,GOOGL,newly_flagged
2026-02-20,JNJ,newly_flagged
2026-02-23,BAC,newly_flagged
2026-02-23,JPM,newly_flagged
2026-02-23,V,newly_flagged
2026-02-24,AMD,newly_flagged
2026-02-26,NVDA,newly_flagged
2026-02-27,BAC,newly_flagged
2026-03-03,GE,newly_flagged
2026-03-04,AMZN,newly_flagged
2026-03-04,INTC,newly_flagged
2026-03-05,GE,newly_flagged
2026-03-05,JNJ,newly_flagged
2026-03-09,GOOGL,newly_flagged
2026-03-12,GE,newly_flagged
2026-03-13,META,newly_flagged
2026-03-17,JNJ,newly_flagged
2026-03-18,ABBV,newly_flagged
2026-03-18,V,newly_flagged
2026-03-24,GOOGL,newly_flagged
2026-03-25,AMD,newly_flagged
2026-03-25,INTC,newly_flagged
2026-03-25,JNJ,newly_flagged
2026-03-26,GOOGL,newly_flagged
2026-03-26,META,newly_flagged
2026-03-27,AMZN,newly_flagged
2026-03-27,JPM,newly_flagged
2026-03-27,UNH,newly_flagged
2026-03-27,V,newly_flagged
2026-03-27,XOM,newly_flagged
2026-03-30,CSCO,newly_flagged
2026-03-31,AAPL,newly_flagged
2026-03-31,BAC,newly_flagged
2026-03-31,GE,newly_flagged
2026-03-31,GOOGL,newly_flagged
2026-03-31,JPM,newly_flagged
2026-03-31,META,newly_flagged
2026-03-31,MSFT,newly_flagged
2026-03-31,NVDA,newly_flagged
2026-03-31,TSLA,newly_flagged
2026-03-31,UNH,newly_flagged
2026-04-01,XOM,newly_flagged
2026-04-02,TSLA,newly_flagged
2026-04-07,UNH,newly_flagged
2026-04-07,WMT,newly_flagged
2026-04-08,BAC,newly_flagged
2026-04-08,CSCO,newly_flagged
2026-04-08,GE,newly_flagged
2026-04-08,INTC,newly_flagged
2026-04-08,JPM,newly_flagged
2026-04-08,META,newly_flagged
2026-04-08,XOM,newly_flagged
2026-04-09,AMZN,newly_flagged
2026-04-10,COST,newly_flagged
2026-04-13,MSFT,newly_flagged
2026-04-15,AAPL,newly_flagged
2026-04-15,MSFT,newly_flagged
2026-04-15,TSLA,newly_flagged
2026-04-16,AMD,newly_flagged
2026-04-16,JNJ,newly_flagged
2026-04-21,AAPL,newly_flagged
2026-04-21,UNH,newly_flagged
2026-04-23,JNJ,newly_flagged
2026-04-23,MSFT,newly_flagged
2026-04-24,AMD,newly_flagged
2026-04-24,INTC,newly_flagged
2026-04-29,ABBV,newly_flagged
2026-04-29,V,newly_flagged
2026-04-30,GOOGL,newly_flagged
2026-04-30,META,newly_flagged
2026-04-30,MSFT,newly_flagged
2026-04-30,NVDA,newly_flagged
2026-05-06,AMD,newly_flagged
2026-05-06,CSCO,newly_flagged
2026-05-06,GE,newly_flagged
2026-05-06,NVDA,newly_flagged
2026-05-06,XOM,newly_flagged
2026-05-07,JPM,newly_flagged
2026-05-08,BAC,newly_flagged
2026-05-08,CSCO,newly_flagged
2026-05-11,XOM,newly_flagged
2026-05-12,COST,newly_flagged
2026-05-13,JNJ,newly_flagged
2026-05-14,CSCO,newly_flagged
2026-05-15,NVDA,newly_flagged
2026-05-15,TSLA,newly_flagged
2026-05-15,XOM,newly_flagged
2026-05-18,COST,newly_flagged
2026-05-20,GE,newly_flagged
2026-05-20,WMT,newly_flagged
2026-05-20,XOM,newly_flagged
2026-05-26,UNH,newly_flagged
2026-05-28,MSFT,newly_flagged
2026-05-29,COST,newly_flagged
2026-05-29,JNJ,newly_flagged
2026-06-01,AAPL,newly_flagged
2026-06-01,AMZN,newly_flagged
2026-06-01,META,newly_flagged
2026-06-01,NVDA,newly_flagged
2026-06-01,TSLA,newly_flagged
2026-06-02,GOOGL,newly_flagged
2026-06-02,MSFT,newly_flagged
2026-06-03,META,newly_flagged
2026-06-03,WMT,newly_flagged
2026-06-04,ABBV,newly_flagged
2026-06-04,BAC,newly_flagged
2026-06-04,GOOGL,newly_flagged
2026-06-04,JPM,newly_flagged
2026-06-04,UNH,newly_flagged
2026-06-04,V,newly_flagged
2026-06-05,AMD,newly_flagged
2026-06-05,CSCO,newly_flagged
2026-06-05,INTC,newly_flagged
2026-06-05,META,newly_flagged
2026-06-05,NVDA,newly_flagged
2026-06-05,TSLA,newly_flagged
2026-06-09,AAPL,newly_flagged
2026-06-11,INTC,newly_flagged
2026-06-15,ABBV,newly_flagged
2026-06-15,AMZN,newly_flagged
2026-06-15,META,newly_flagged
2026-06-16,JPM,newly_flagged
2026-06-16,V,newly_flagged
2026-06-17,META,newly_flagged
2026-06-18,JNJ,newly_flagged
2026-06-18,JPM,newly_flagged
2026-06-22,ABBV,newly_flagged
2026-06-22,AMZN,newly_flagged
2026-06-22,GOOGL,newly_flagged
2026-06-23,JNJ,newly_flagged
2026-06-25,AAPL,newly_flagged
2026-06-26,JNJ,newly_flagged
2026-06-26,MSFT,newly_flagged
2026-06-29,GOOGL,newly_flagged
2026-06-29,TSLA,newly_flagged
2026-07-01,META,newly_flagged
2026-07-01,WMT,newly_flagged
2026-07-02,AAPL,newly_flagged
2026-07-02,COST,newly_flagged
2026-07-02,TSLA,newly_flagged
2026-07-07,GE,newly_flagged
2026-07-07,XOM,newly_flagged
2026-07-08,BAC,newly_flagged
2026-07-08,JPM,newly_flagged
2026-07-09,COST,newly_flagged
2026-07-09,CSCO,newly_flagged
2026-07-13,XOM,newly_flagged
2026-07-16,COST,newly_flagged
2026-07-16,GE,newly_flagged
2026-07-16,GOOGL,newly_flagged
2026-07-21,INTC,newly_flagged
2026-07-21,UNH,newly_flagged
2026-07-23,AMZN,newly_flagged
2026-07-23,GOOGL,newly_flagged
2026-07-23,TSLA,newly_flagged
2026-07-27,NVDA,newly_flagged
2026-07-29,BAC,newly_flagged
2026-07-29,JPM,newly_flagged
2026-07-30,AMD,newly_flagged
2026-07-30,AMZN,newly_flagged
2026-07-30,INTC,newly_flagged
2026-07-30,JNJ,newly_flagged
2026-07-30,META,newly_flagged
2026-07-30,MSFT,newly_flagged
2026-07-31,AAPL,newly_flagged
2026-07-31,GOOGL,newly_flagged
2026-08-04,CSCO,newly_flagged
2026-08-04,INTC,newly_flagged
2026-08-07,V,newly_flagged
2026-08-10,XOM,newly_flagged
2026-08-13,CSCO,newly_flagged
2026-08-18,ABBV,newly_flagged
2026-08-18,JNJ,newly_flagged
2026-08-19,BAC,newly_flagged
2026-08-19,GE,newly_flagged
2026-08-20,COST,newly_flagged
2026-08-20,WMT,newly_flagged
2026-08-21,TSLA,newly_flagged
2026-08-24,COST,newly_flagged
2026-08-24,V,newly_flagged
2026-08-27,NVDA,newly_flagged
2026-08-31,TSLA,newly_flagged
2026-09-01,AAPL,newly_flagged
2026-09-03,JPM,newly_flagged
2026-09-04,AAPL,newly_flagged
2026-09-04,TSLA,newly_flagged
2026-09-08,ABBV,newly_flagged
2026-09-08,AMD,newly_flagged
2026-09-08,INTC,newly_flagged
2026-09-09,META,newly_flagged
2026-09-10,AAPL,newly_flagged
2026-09-11,CSCO,newly_flagged
2026-09-14,BAC,newly_flagged
2026-09-14,GOOGL,newly_flagged
2026-09-16,XOM,newly_flagged
2026-09-17,AMD,newly_flagged
2026-09-17,INTC,newly_flagged
2026-09-18,META,newly_flagged
2026-09-21,AMD,newly_flagged
2026-09-21,INTC,newly_flagged
2026-09-22,CSCO,newly_flagged
2026-09-22,JPM,newly_flagged
2026-09-23,GOOGL,newly_flagged
2026-09-24,V,newly_flagged
2026-09-24,WMT,newly_flagged
2026-09-25,COST,newly_flagged
2026-09-25,MSFT,newly_flagged
2026-09-29,AAPL,newly_flagged
2026-09-30,WMT,newly_flagged
2026-10-01,JNJ,newly_flagged
2026-10-05,V,newly_flagged
2026-10-06,CSCO,newly_flagged
