symbol,is_benchmark,annualized_return_pct,annualized_vol_pct,sharpe,sortino,max_drawdown_pct,beta_vs_spy,ewma_vol_pct,hist_var_95_pct,hist_cvar_95_pct,hist_var_99_pct,hist_cvar_99_pct,param_var_95_pct,param_cvar_95_pct,param_var_99_pct,param_cvar_99_pct,ewma_var_99_next_pct,pct_anomalous,window_start,window_end
AMD,False,157.58,72.82,2.11,3.66,-27.8,3.2,54.7,5.72,8.18,7.99,12.11,6.92,8.84,10.05,11.6,8.02,7.5,2025-10-03,2026-10-05
INTC,False,142.73,76.91,1.8,3.07,-41.9,2.93,67.2,6.16,8.41,9.34,12.66,7.4,9.43,10.7,12.35,9.85,8.7,2025-10-03,2026-10-05
JNJ,False,34.82,19.13,1.61,2.52,-11.0,-0.18,18.4,1.78,2.35,2.42,2.94,1.84,2.35,2.67,3.07,2.69,9.1,2025-10-03,2026-10-05
XOM,False,45.01,25.91,1.58,2.36,-20.1,-0.56,22.4,2.61,3.64,4.07,4.69,2.51,3.19,3.62,4.17,3.28,6.7,2025-10-03,2026-10-05
CSCO,False,58.65,34.6,1.58,2.33,-17.8,1.05,30.1,2.87,4.89,5.47,9.05,3.35,4.26,4.84,5.58,4.41,8.3,2025-10-03,2026-10-05
GOOGL,False,39.63,31.72,1.12,1.79,-21.0,1.36,26.1,2.53,3.92,4.23,5.52,3.13,3.96,4.49,5.17,3.82,7.9,2025-10-03,2026-10-05
AAPL,False,29.24,24.64,1.02,1.47,-13.8,0.68,22.1,2.1,3.58,4.31,6.16,2.44,3.09,3.5,4.02,3.23,7.9,2025-10-03,2026-10-05
NVDA,False,30.79,37.7,0.71,1.06,-20.2,1.88,31.6,3.88,4.64,4.94,5.55,3.78,4.78,5.4,6.21,4.62,6.3,2025-10-03,2026-10-05
ABBV,False,17.89,25.34,0.55,0.82,-15.7,-0.11,17.6,2.38,3.31,3.98,4.54,2.55,3.22,3.64,4.18,2.58,6.3,2025-10-03,2026-10-05
AMZN,False,18.01,34.35,0.41,0.67,-21.7,1.44,27.1,2.95,4.03,4.66,5.1,3.49,4.39,4.96,5.7,3.97,6.7,2025-10-03,2026-10-05
JPM,False,12.18,22.46,0.36,0.5,-15.5,0.79,17.8,2.38,3.26,3.85,4.36,2.28,2.87,3.24,3.72,2.61,8.3,2025-10-03,2026-10-05
UNH,False,15.58,34.45,0.34,0.45,-29.0,0.43,20.6,2.35,4.27,3.39,8.87,3.51,4.41,4.99,5.72,3.02,4.8,2025-10-03,2026-10-05
BAC,False,11.31,22.17,0.33,0.44,-17.9,0.73,22.2,2.53,3.31,3.76,4.55,2.25,2.84,3.2,3.68,3.26,7.9,2025-10-03,2026-10-05
V,False,9.86,22.13,0.26,0.41,-17.2,0.3,19.1,1.8,2.77,3.19,4.08,2.25,2.84,3.2,3.68,2.8,6.0,2025-10-03,2026-10-05
META,False,11.06,41.83,0.17,0.25,-29.9,1.46,51.0,3.67,5.97,7.96,9.28,4.29,5.39,6.09,6.98,7.48,7.5,2025-10-03,2026-10-05
WMT,False,7.57,26.29,0.14,0.19,-23.3,-0.05,25.1,2.43,3.8,3.84,6.78,2.69,3.39,3.82,4.38,3.68,6.0,2025-10-03,2026-10-05
GE,False,8.27,33.06,0.13,0.18,-20.9,1.23,25.4,3.49,4.53,5.29,6.2,3.39,4.26,4.81,5.52,3.72,7.9,2025-10-03,2026-10-05
MSFT,False,7.89,32.73,0.12,0.18,-34.5,0.97,27.3,2.8,4.05,4.07,6.37,3.36,4.22,4.76,5.46,4.01,7.9,2025-10-03,2026-10-05
COST,False,3.29,19.89,-0.04,-0.05,-18.2,-0.11,17.4,2.12,2.81,3.16,3.79,2.05,2.57,2.9,3.33,2.54,6.7,2025-10-03,2026-10-05
TSLA,False,-3.52,45.84,-0.16,-0.23,-39.1,2.23,41.8,4.5,6.24,6.6,9.55,4.76,5.97,6.73,7.71,6.13,6.3,2025-10-03,2026-10-05
SPY,True,16.57,13.0,0.97,1.4,-8.9,1.0,10.2,1.41,1.77,1.91,2.44,1.28,1.62,1.84,2.12,1.49,6.3,2025-10-03,2026-10-05
