symbol,is_benchmark,method,confidence,test_start,test_end,n_obs,exceptions,expected_exceptions,exception_rate,kupiec_lr,kupiec_reject_5pct,exceptions_250d,basel_zone,kupiec_p_value
AAPL,False,ewma_normal,0.95,2024-10-02,2026-10-01,501,25,25.05,0.0499,0.0001,False,11,,0.9918
ABBV,False,ewma_normal,0.95,2024-10-02,2026-10-01,501,19,25.05,0.0379,1.6721,False,11,,0.196
AMD,False,ewma_normal,0.95,2024-10-02,2026-10-01,501,20,25.05,0.0399,1.1477,False,6,,0.284
AMZN,False,ewma_normal,0.95,2024-10-02,2026-10-01,501,28,25.05,0.0559,0.3528,False,12,,0.5525
BAC,False,ewma_normal,0.95,2024-10-02,2026-10-01,501,29,25.05,0.0579,0.6253,False,18,,0.4291
COST,False,ewma_normal,0.95,2024-10-02,2026-10-01,501,27,25.05,0.0539,0.156,False,14,,0.6929
CSCO,False,ewma_normal,0.95,2024-10-02,2026-10-01,501,20,25.05,0.0399,1.1477,False,11,,0.284
GE,False,ewma_normal,0.95,2024-10-02,2026-10-01,501,28,25.05,0.0559,0.3528,False,17,,0.5525
GOOGL,False,ewma_normal,0.95,2024-10-02,2026-10-01,501,22,25.05,0.0439,0.4069,False,11,,0.5235
INTC,False,ewma_normal,0.95,2024-10-02,2026-10-01,501,13,25.05,0.0259,7.3485,True,6,,0.0067
JNJ,False,ewma_normal,0.95,2024-10-02,2026-10-01,501,28,25.05,0.0559,0.3528,False,13,,0.5525
JPM,False,ewma_normal,0.95,2024-10-02,2026-10-01,501,25,25.05,0.0499,0.0001,False,15,,0.9918
META,False,ewma_normal,0.95,2024-10-02,2026-10-01,501,22,25.05,0.0439,0.4069,False,11,,0.5235
MSFT,False,ewma_normal,0.95,2024-10-02,2026-10-01,501,24,25.05,0.0479,0.047,False,16,,0.8284
NVDA,False,ewma_normal,0.95,2024-10-02,2026-10-01,501,25,25.05,0.0499,0.0001,False,14,,0.9918
SPY,True,ewma_normal,0.95,2024-10-02,2026-10-01,501,27,25.05,0.0539,0.156,False,15,,0.6929
TSLA,False,ewma_normal,0.95,2024-10-02,2026-10-01,501,23,25.05,0.0459,0.1814,False,13,,0.6702
UNH,False,ewma_normal,0.95,2024-10-02,2026-10-01,501,21,25.05,0.0419,0.7276,False,6,,0.3937
V,False,ewma_normal,0.95,2024-10-02,2026-10-01,501,23,25.05,0.0459,0.1814,False,11,,0.6702
WMT,False,ewma_normal,0.95,2024-10-02,2026-10-01,501,20,25.05,0.0399,1.1477,False,9,,0.284
XOM,False,ewma_normal,0.95,2024-10-02,2026-10-01,501,29,25.05,0.0579,0.6253,False,11,,0.4291
AAPL,False,historical,0.95,2024-10-02,2026-10-01,501,32,25.05,0.0639,1.8732,False,12,,0.1711
ABBV,False,historical,0.95,2024-10-02,2026-10-01,501,26,25.05,0.0519,0.0375,False,12,,0.8465
AMD,False,historical,0.95,2024-10-02,2026-10-01,501,30,25.05,0.0599,0.9711,False,16,,0.3244
AMZN,False,historical,0.95,2024-10-02,2026-10-01,501,31,25.05,0.0619,1.3877,False,13,,0.2388
BAC,False,historical,0.95,2024-10-02,2026-10-01,501,27,25.05,0.0539,0.156,False,15,,0.6929
COST,False,historical,0.95,2024-10-02,2026-10-01,501,35,25.05,0.0699,3.7227,False,17,,0.0537
CSCO,False,historical,0.95,2024-10-02,2026-10-01,501,32,25.05,0.0639,1.8732,False,18,,0.1711
GE,False,historical,0.95,2024-10-02,2026-10-01,501,34,25.05,0.0679,3.0425,False,21,,0.0811
GOOGL,False,historical,0.95,2024-10-02,2026-10-01,501,27,25.05,0.0539,0.156,False,14,,0.6929
INTC,False,historical,0.95,2024-10-02,2026-10-01,501,29,25.05,0.0579,0.6253,False,15,,0.4291
JNJ,False,historical,0.95,2024-10-02,2026-10-01,501,34,25.05,0.0679,3.0425,False,19,,0.0811
JPM,False,historical,0.95,2024-10-02,2026-10-01,501,29,25.05,0.0579,0.6253,False,17,,0.4291
META,False,historical,0.95,2024-10-02,2026-10-01,501,30,25.05,0.0599,0.9711,False,17,,0.3244
MSFT,False,historical,0.95,2024-10-02,2026-10-01,501,31,25.05,0.0619,1.3877,False,21,,0.2388
NVDA,False,historical,0.95,2024-10-02,2026-10-01,501,21,25.05,0.0419,0.7276,False,12,,0.3937
SPY,True,historical,0.95,2024-10-02,2026-10-01,501,23,25.05,0.0459,0.1814,False,8,,0.6702
TSLA,False,historical,0.95,2024-10-02,2026-10-01,501,23,25.05,0.0459,0.1814,False,9,,0.6702
UNH,False,historical,0.95,2024-10-02,2026-10-01,501,25,25.05,0.0499,0.0001,False,4,,0.9918
V,False,historical,0.95,2024-10-02,2026-10-01,501,28,25.05,0.0559,0.3528,False,9,,0.5525
WMT,False,historical,0.95,2024-10-02,2026-10-01,501,38,25.05,0.0758,6.1257,True,17,,0.0133
XOM,False,historical,0.95,2024-10-02,2026-10-01,501,32,25.05,0.0639,1.8732,False,14,,0.1711
AAPL,False,ewma_normal,0.99,2024-10-02,2026-10-01,501,11,5.01,0.022,5.3947,True,6,yellow,0.0202
ABBV,False,ewma_normal,0.99,2024-10-02,2026-10-01,501,9,5.01,0.018,2.5964,False,4,green,0.1071
AMD,False,ewma_normal,0.99,2024-10-02,2026-10-01,501,8,5.01,0.016,1.5262,False,1,green,0.2167
AMZN,False,ewma_normal,0.99,2024-10-02,2026-10-01,501,11,5.01,0.022,5.3947,True,5,yellow,0.0202
BAC,False,ewma_normal,0.99,2024-10-02,2026-10-01,501,12,5.01,0.024,7.0823,True,6,yellow,0.0078
COST,False,ewma_normal,0.99,2024-10-02,2026-10-01,501,12,5.01,0.024,7.0823,True,6,yellow,0.0078
CSCO,False,ewma_normal,0.99,2024-10-02,2026-10-01,501,8,5.01,0.016,1.5262,False,3,green,0.2167
GE,False,ewma_normal,0.99,2024-10-02,2026-10-01,501,10,5.01,0.02,3.8934,True,4,green,0.0485
GOOGL,False,ewma_normal,0.99,2024-10-02,2026-10-01,501,9,5.01,0.018,2.5964,False,3,green,0.1071
INTC,False,ewma_normal,0.99,2024-10-02,2026-10-01,501,3,5.01,0.006,0.9512,False,1,green,0.3294
JNJ,False,ewma_normal,0.99,2024-10-02,2026-10-01,501,4,5.01,0.008,0.2209,False,1,green,0.6383
JPM,False,ewma_normal,0.99,2024-10-02,2026-10-01,501,14,5.01,0.0279,10.9573,True,7,yellow,0.0009
META,False,ewma_normal,0.99,2024-10-02,2026-10-01,501,12,5.01,0.024,7.0823,True,7,yellow,0.0078
MSFT,False,ewma_normal,0.99,2024-10-02,2026-10-01,501,6,5.01,0.012,0.1859,False,2,green,0.6664
NVDA,False,ewma_normal,0.99,2024-10-02,2026-10-01,501,6,5.01,0.012,0.1859,False,4,green,0.6664
SPY,True,ewma_normal,0.99,2024-10-02,2026-10-01,501,10,5.01,0.02,3.8934,True,3,green,0.0485
TSLA,False,ewma_normal,0.99,2024-10-02,2026-10-01,501,7,5.01,0.014,0.7106,False,2,green,0.3992
UNH,False,ewma_normal,0.99,2024-10-02,2026-10-01,501,11,5.01,0.022,5.3947,True,1,green,0.0202
V,False,ewma_normal,0.99,2024-10-02,2026-10-01,501,12,5.01,0.024,7.0823,True,6,yellow,0.0078
WMT,False,ewma_normal,0.99,2024-10-02,2026-10-01,501,7,5.01,0.014,0.7106,False,4,green,0.3992
XOM,False,ewma_normal,0.99,2024-10-02,2026-10-01,501,12,5.01,0.024,7.0823,True,5,yellow,0.0078
AAPL,False,historical,0.99,2024-10-02,2026-10-01,501,9,5.01,0.018,2.5964,False,4,green,0.1071
ABBV,False,historical,0.99,2024-10-02,2026-10-01,501,6,5.01,0.012,0.1859,False,1,green,0.6664
AMD,False,historical,0.99,2024-10-02,2026-10-01,501,5,5.01,0.01,0.0,False,3,green,0.9964
AMZN,False,historical,0.99,2024-10-02,2026-10-01,501,9,5.01,0.018,2.5964,False,3,green,0.1071
BAC,False,historical,0.99,2024-10-02,2026-10-01,501,6,5.01,0.012,0.1859,False,1,green,0.6664
COST,False,historical,0.99,2024-10-02,2026-10-01,501,7,5.01,0.014,0.7106,False,3,green,0.3992
CSCO,False,historical,0.99,2024-10-02,2026-10-01,501,10,5.01,0.02,3.8934,True,5,yellow,0.0485
GE,False,historical,0.99,2024-10-02,2026-10-01,501,7,5.01,0.014,0.7106,False,4,green,0.3992
GOOGL,False,historical,0.99,2024-10-02,2026-10-01,501,8,5.01,0.016,1.5262,False,4,green,0.2167
INTC,False,historical,0.99,2024-10-02,2026-10-01,501,7,5.01,0.014,0.7106,False,5,yellow,0.3992
JNJ,False,historical,0.99,2024-10-02,2026-10-01,501,8,5.01,0.016,1.5262,False,4,green,0.2167
JPM,False,historical,0.99,2024-10-02,2026-10-01,501,4,5.01,0.008,0.2209,False,1,green,0.6383
META,False,historical,0.99,2024-10-02,2026-10-01,501,6,5.01,0.012,0.1859,False,4,green,0.6664
MSFT,False,historical,0.99,2024-10-02,2026-10-01,501,8,5.01,0.016,1.5262,False,5,yellow,0.2167
NVDA,False,historical,0.99,2024-10-02,2026-10-01,501,5,5.01,0.01,0.0,False,3,green,0.9964
SPY,True,historical,0.99,2024-10-02,2026-10-01,501,6,5.01,0.012,0.1859,False,1,green,0.6664
TSLA,False,historical,0.99,2024-10-02,2026-10-01,501,6,5.01,0.012,0.1859,False,3,green,0.6664
UNH,False,historical,0.99,2024-10-02,2026-10-01,501,10,5.01,0.02,3.8934,True,1,green,0.0485
V,False,historical,0.99,2024-10-02,2026-10-01,501,4,5.01,0.008,0.2209,False,1,green,0.6383
WMT,False,historical,0.99,2024-10-02,2026-10-01,501,13,5.01,0.0259,8.9408,True,4,green,0.0028
XOM,False,historical,0.99,2024-10-02,2026-10-01,501,12,5.01,0.024,7.0823,True,6,yellow,0.0078
